{
  "accuracy": 0.9666666666666667,
  "precision_weighted": 0.9696969696969696,
  "recall_weighted": 0.9666666666666667,
  "f1_weighted": 0.9665831244778613
}