{
  "accuracy": 0.9736842105263158,
  "precision_weighted": 0.9739686589549538,
  "recall_weighted": 0.9736842105263158,
  "f1_weighted": 0.9737469960380177
}